sent_0|291|I enjoy learning business and technical knowledge about (Purchasing) module.
sent_1|291|The more difficult it is to understand business and technical knowledge about the (Purchasing) module, the more I enjoy learning it. (1)
sent_2|291|I enjoy learning business and technical knowledge about the (Purchasing) module that are completely new to me.
sent_3|291|I have to feel that I'm personally benefitting from learning business and technical knowledge about the (Purchasing) module. (1,2)
sent_4|291|I want to find out how good I really can be at learning business and technical knowledge about the (Purchasing) module.
sent_5|291|I'm more comfortable when I can set my own goals for learning business and technical knowledge about the (Purchasing) module. (2)
sent_6|291|Using the system is a bad/good idea.
sent_7|291|Using the system is a foolish/wise idea.
sent_8|291|I dislike/like the idea of using the system.
sent_9|291|Using the system is unpleasant/pleasant.
sent_10|291|I find using the system to be enjoyable.
sent_11|291|The actual process of using the system is pleasant.
sent_12|291|I have fun using the system.
sent_13|291|The system makes work more interesting.
sent_14|291|Working with the system is fun.
sent_15|291|The system is okay for some jobs, but not the kind of job I want.
sent_16|291|I like working with the system.
sent_17|291|I look forward to those aspects of my job that require me to use the system.
sent_18|291|Using the system is frustrating for me.
sent_19|291|Once I start working on the system, I find it hard to stop.
sent_20|291|I get bored quickly when using the system.
sent_21|291|Using the system is a bad/good idea.
sent_22|291|The system makes work more interesting.
sent_23|291|Working with the system is fun.
sent_24|291|I like working with the system.
sent_25|291|I have fun interacting with the Web.
sent_26|291|Using the Web provides me with a lot of enjoyment.
sent_27|291|I enjoy using the Web.
sent_28|291|Using the Web bores me.
sent_29|291|Using the Web excites my curiosity.
sent_30|291|Interacting with the Web makes me curious.
sent_31|291|Using the Web arouses my imagination.
sent_32|291|I like working with computers.
sent_33|291|I look forward to those aspects of my job that require me to use a computer.
sent_34|291|Once I start working on the computer, I find it hard to so.
sent_35|291|Using a computer is frustrating for me.
sent_36|291|I get bored quickly when working on a computer.
sent_37|291|I like working with computers.
sent_38|291|Once I get working on the computer, I find it hard to stop.
sent_39|291|PCs make work more interesting.
sent_40|291|Working with a PC is fun.
sent_41|291|PCs are okay for some jobs but not the kind of job I want.
sent_42|291|Using the CRC is a (bad/good) idea.
sent_43|291|Using the CRC is a (foolish/wise) idea.
sent_44|291|I (dislike/like) the idea of using the CRC.
sent_45|291|Using the CRC would be: (unpleasant/ pleasant).
sent_46|291|I think Xӳ Internet site is very exciting.
sent_47|291|The enthusiasm of Xӳ Internet site is catching; it picks me up.
sent_48|291|X doesnӴ just sell products; it entertains me.
sent_49|291|I enjoy shopping from Xӳ Internet site for its own sake, not just for the items I may have purchased.
sent_50|291|I shop from Xӳ Internet site for the pure enjoyment of it.
sent_51|291|I like using this website.
sent_52|291|To me, this is the best retail website to do business with.
sent_53|291|I believe that this is my favorite retail website.
sent_54|291|All things considered, using the Internet TV is Šextremely negative/extremely positive
sent_55|291|All things considered, using the Internet TV is Šextremely bad/extremely good
sent_56|291|All things considered, using the Internet TV is Šextremely harmful/extremely helpful
sent_57|291|Using the Internet TV is enjoyable.
sent_58|291|Using the Internet TV is pleasant.
sent_59|291|Using the Internet TV is fun.
sent_60|291|While using the web site I found my visit interesting.
sent_61|291|While using the web site I found my visit enjoyable.
sent_62|291|While using the web site I found my visit fun.
sent_63|291|Using the system is a (bad/good) idea.
sent_64|291|Using the system is a (foolish/wise) idea.
sent_65|291|I (dislike/like) the idea of using the system.
sent_66|291|Using the system is (unpleasant/pleasant).
sent_67|291|I find using the system to be enjoyable.
sent_68|291|The actual process of using the system is pleasant.
sent_69|291|I have fun using the system.
sent_70|291|The Web site kept me totally absorbed in the browsing.
sent_71|291|The Web site held my attention.
sent_72|291|The Web site excited my curiosity.
sent_73|291|The Web site aroused my imagination.
sent_74|291|The Web site was fun.
sent_75|291|The Web site was intrinsically interesting.
sent_76|291|The Web site was engaging.
sent_77|291|My interaction with this website was disgusting/enjoyable.
sent_78|291|My interaction with this website was dull/exciting.
sent_79|291|My interaction with this website was unpleasant/pleasant.
sent_80|291|During my last visit to Booksamillion.com I found my visit interesting.
sent_81|291|During my last visit to Booksamillion.com I found my visit enjoyable.
sent_82|291|During my last visit to Booksamillion.com I found my visit exciting.
sent_83|291|During my last visit to Booksamillion.com I found my visit fun.
sent_84|291|Using --- is: not enjoyable - very enjoyable.
sent_85|291|Overall, using --- is a: unpleasant - pleasant experience.
sent_86|291|My attitude toward using --- is: very unfavorable - very favorable.
sent_87|291|I would dislike -  like using a website built on this model to perform similar shopping activities.
sent_88|291|Using a website built on this model to perform similar shopping activities would be pleasant ֠unpleasant.
sent_89|291|Using the CRC is a: bad idea - good idea.
sent_90|291|Using the CRC is a: foolish idea - wise idea.
sent_91|291|I: dislike - like the idea of using the CRC.
sent_92|291|Using the CRC would be: unpleasant - pleasant.
sent_93|291|I find my experience with this website interesting.
sent_94|291|I find my experience with this website enjoyable.
sent_95|291|I find my experience with this website exciting.
sent_96|291|I find my experience with this website fun.
sent_97|291|I like shopping on this website.
sent_98|291|Shopping on this website is a good idea.
sent_99|291|Shopping on this website is appealing.
sent_100|291|I expect that using MDS would be enjoyable.
sent_101|291|I expect that using MDS would be pleasurable.
sent_102|291|I expect to have fun using MDS.
sent_103|291|I expect that using MDS would be interesting.
sent_104|291|I find (would find) using Electronic Mail to be enjoyable.
sent_105|291|The actual process of using Electronic Mail is (would be): extremely unpleasant - extremely pleasant
sent_106|291|I have (would have) fun using Electronic Mail.
sent_107|296|People who influence my behavior think that I should use the system.
sent_108|296|People who are important to me think that I should use the system.
sent_109|296|I use the system because of the proportion of coworkers who use the system.
sent_110|296|The senior management of this business has been helpful in the use of the system.
sent_111|296|My supervisor is very supportive of the use of the system for my job.
sent_112|296|In general, the organization has supported the use of the system.
sent_113|296|People who influence my behavior think that I should use the system.
sent_114|296|People who are important to me think that I should use the system.
sent_115|296|The senior management of this business has been helpful in the use of the system.
sent_116|296|In general, the organization has supported the use of the system.
sent_117|296|People who influence my behavior think that I should use the system.
sent_118|296|People who are important to me think that I should use the system.
sent_119|296|Top management thinks I should adopt Windows.
sent_120|296|My close friends think I should adopt Windows.
sent_121|296|My immediate supervisor thinks I should adopt Windows.
sent_122|296|My peers think I should adopt Windows.
sent_123|296|The (name of the MIS department) thinks I should adopt Windows.
sent_124|296|Other computer technical specialists in the organization think I should adopt Windows.
sent_125|296|Most people who are important to me think I should adopt Windows.
sent_126|296|Instructors in other courses would (Strongly support/Strongly oppose) my using [the spreadsheet] rather than my calculator for the assignment.
sent_127|296|Those people who are important to me would (Strongly support/Strongly oppose) my using [the spreadsheet] rather than my calculator for the assignment.
sent_128|296|I think that those people who are important to me would want me to use [the spreadsheet] rather than my calculator for the assignment.
sent_129|296|People whose opinions I value would prefer me to use [the spreadsheet] rather than my calculator for the assignment.
sent_130|296|My friends would think that I should use the CRC.
sent_131|296|Generally speaking, I want to do what my friends think I should do.
sent_132|296|My classmates would think that I should use the CRC.
sent_133|296|Generally speaking, I want to do what my classmates this I should do.
sent_134|296|People who influence my behavior would think that I should use the CRC.
sent_135|296|People who are important to me would think that I should use the CRC.
sent_136|296|My professors would think that I should use the CRC.
sent_137|296|Generally speaking, I want to do what my professors think I should do.
sent_138|296|I will have to use the CRC because my professors require it.
sent_139|296|Generally speaking, I want to do what my professors think I should do.
sent_140|296|Most of my colleagues think the change to the new way of working with the NOP system is a good idea.
sent_141|296|My peers are supportive of the change to the new way of working with the NOP system.
sent_142|296|Most people whom I deal with in my job encourage my change to the new way of working with the NOP system.
sent_143|296|My family thinks that I should use the Internet TV.
sent_144|296|My relatives think that I should use the Internet TV.
sent_145|296|My friends think that I should use the Internet TV.
sent_146|296|People I work with think I should use the Internet TV.
sent_147|296|The city government expects me to use the Internet TV.
sent_148|296|The city government thinks that I should use the Internet TV.
sent_149|296|People who influence me think that I should use the Internet TV.
sent_150|296|People who are important to me think that I should use the Internet TV.
sent_151|296|People who influence my behavior think that I should use the system.
sent_152|296|People who are important to me think that I should use the system.
sent_153|296|People who are important to me think that I should use the system.
sent_154|296|People who influence me think that I should use the system.
sent_155|296|Most people who are important to me think it is a good idea to get information about this product from this website.
sent_156|296|Most people who are important to me would get information about this product from this website.
sent_157|296|My friends would think that I should use the CRC.
sent_158|296|Generally speaking, I want to do what my friends think I should do.
sent_159|296|My classmates would think that I should use the CRC.
sent_160|296|Generally speaking, I want to do what my classmates think I should do.
sent_161|296|My professors would think that I should use the CRC.
sent_162|296|Generally speaking, I want to do what my professors think I should do.
sent_163|296|I will have to use the CRC because my professors require it.
sent_164|296|Generally speaking, I want to do what my professors think I should do.
sent_165|296|People who influence my  behavior would think that I should use the CRC.
sent_166|296|People who are important to me would think that I should use the CRC.
sent_167|296|People who are important to me would want me to use MDS.
sent_168|296|People who influence my behavior would think I should use MDS.
sent_169|296|People whose opinions I value would prefer me to use MDS.
sent_170|296|How much would each of the following people/groups strongly  approve or disapprove of your firm using IT in the next 6 months: Customers/clients?
sent_171|296|How much would each of the following people/groups strongly  approve or disapprove of your firm using IT in the next 6 months: Suppliers/vendors?
sent_172|296|How much would each of the following people/groups strongly  approve or disapprove of your firm using IT in the next 6 months: (Information) systems people/group?
sent_173|296|How much would each of the following people/groups strongly  approve or disapprove of your firm using IT in the next 6 months: All employees who might use it?
sent_174|296|How likely is it that most people who are important to your firm would strongly approve of your firm using IT in the next 6 months?
sent_175|296|My relatives think that I should use a computer.
sent_176|296|My friends believe I should use a computer.
sent_177|296|My professors think I should use a computer.
sent_178|296|I believe that my classmates at college will think I should use a computer.
sent_179|296|How much did each of the following source influence you to subscribe to [this] service? Articles, reviews, advertising, or other activities of the company
sent_180|296|Most people who are important to your firm would: disapprove- approve.
sent_181|277|Learning to operate the system would be easy for me.
sent_182|277|I would find it easy to get the system to do what I want it to do .
sent_183|277|My interaction with the system would be clear and understandable.
sent_184|277|I would find the system to be flexible to interact with.
sent_185|277|It would be easy for me to become skillful at using the system.
sent_186|277|I would find the system easy to use.
sent_187|277|Using the system takes too much time from my normal duties.
sent_188|277|Working with the system is so complicated, it is difficult to understand what is going on.
sent_189|277|Using the system involves too much time doing mechanical operations (e.g., data input).
sent_190|277|It takes too long to learn how to use the system to make it worth the effort.
sent_191|277|My interaction with the system is clear and understandable.
sent_192|277|I believe that it is easy to get the system to do what I want it to do.
sent_193|277|Overall, I believe that the system is easy to use.
sent_194|277|Learning to operate the system is easy for me.
sent_195|277|My interaction with the system would be clear and understandable.
sent_196|277|It would be easy for me to become skillful at using the system.
sent_197|277|I would find the system easy to use.
sent_198|277|Learning to operate the system is easy for me.
sent_199|277|My interaction with the system is clear and understandable.
sent_200|277|Interacting with the system does not require a lot of my mental effort.
sent_201|277|I find the system to be easy to use.
sent_202|277|I find it easy to get the system to do what I want it to do.
sent_203|277|Learning to operate the Web is easy for me.
sent_204|277|I find it easy to get the Web to do what I want it to do.
sent_205|277|It is easy for me to become skillful at using the Web.
sent_206|277|I find the Web easy to use.
sent_207|277|Learning to operate Windows would be easy for me.
sent_208|277|If I were to adopt Windows, it would be easy to use.
sent_209|277|If I were to adopt Windows, it would be difficult to use.
sent_210|277|The interaction with the system is clear and understandable.
sent_211|277|Interaction with the system does not require a lot of mental effort.
sent_212|277|I find the system easy to use.
sent_213|277|I find it easy to get the system to do what I want it to do.
sent_214|277|FEDI is conceptually difficult to understand from a business perspective.
sent_215|277|FEDI is conceptually difficult to understand from a technical perspective.
sent_216|277|Using FEDI is difficult.
sent_217|277|Using FEDI is difficult to maintain an audit trail.
sent_218|277|Using FEDI is difficult to trace and resolve transactional errors.
sent_219|277|Using FEDI is difficult to understand and visualize the whole process of cash disbursement and collection.
sent_220|277|It is easy to become skillful at using the Web site.
sent_221|277|Learning to operate the Web site is easy.
sent_222|277|The Web site is flexible to interact with.
sent_223|277|My interaction with the Web site is clear and understandable.
sent_224|277|Learning to use computers is easy for me.
sent_225|277|I find it easy to get computers to do what I want them to do.
sent_226|277|It is easy for me to become skillful at using computers.
sent_227|277|I find computers easy to use.
sent_228|277|It is easy to learn how to use the computer systems I need.
sent_229|277|The computer systems I use are convenient and easy to use.
sent_230|277|Using a PC takes too much time from my normal duties.
sent_231|277|Working with PCs is so complicated, it is difficult to understand what is going on.
sent_232|277|Using a PC involves too much time doing mechanical operations (e.g., data input)
sent_233|277|It takes too long to learn how to use a PC to make it worth the effort.
sent_234|277|I often become confused when I use the electronic mail system.
sent_235|277|I make errors frequently when using electronic mail.
sent_236|277|Interacting with the electronic mail system is often frustrating.
sent_237|277|I need to consult the user manual often when using electronic mail.
sent_238|277|Interacting with the electronic mail system requires a lot of my mental effort.
sent_239|277|I find it easy to get the electronic mail system to do what I want it to do.
sent_240|277|The electronic mail system often behaves in unexpected ways.
sent_241|277|I find it cumbersome to use the electronic mail system.
sent_242|277|My interaction with the electronic mail system is easy for me to understand.
sent_243|277|It is easy for me to remember how to perform tasks using the electronic mail.
sent_244|277|The electronic mail system provides helpful guidance in performing tasks.
sent_245|277|Overall, I find the electronic mail system easy to use.
sent_246|277|Learning to operate CHART-MASTER would be easy for me
sent_247|277|I would find it easy to get CHART- MASTER to do what I want it to
sent_248|277|My interaction with CHART-MASTER would be clear and understandable
sent_249|277|I would find CHART- MASTER to be flexible to interact with
sent_250|277|It would be easy for me to become skillful at using CHART-MASTER
sent_251|277|I would find CHART-MASTER easy to use
sent_252|277|Is the system user friendly?
sent_253|277|Is the system easy to use?
sent_254|277|I believe that a PWS is cumbersome to use.
sent_255|277|It is easy for me to remember how to perform tasks using a PWS.
sent_256|277|My using a PWS requires a lot of mental effort.
sent_257|277|Using a PWS is often frustrating.
sent_258|277|My interaction with a PWS is clear and understandable.
sent_259|277|I believe that it is easy to get a PWS to do what I want it to do.
sent_260|277|Overall, I believe that a PWS is easy to use.
sent_261|277|Learning to operate a PWS is easy for me.
sent_262|277|Learning to operate the system would be easy for me.
sent_263|277|My interaction with the system would be clear and understandable.
sent_264|277|Instructions for using equipment in the CRC will be hard to follow.
sent_265|277|Instructions that are hard to follow are: (bad/ good).
sent_266|277|It will be difficult to learn how to use the CRC.
sent_267|277|A service that is difficult to learn is: (bad/good).
sent_268|277|It will be easy to operate the equipment in the CRC.
sent_269|277|A service with equipment that is easy to operate is: (bad/good).
sent_270|277|The task of selecting digital cameras using the virtual advisor took too much time.
sent_271|277|Selecting digital cameras using the virtual advisor required too much effort.
sent_272|277|Selecting digital cameras using the virtual advisor was too complex.
sent_273|277|Based on my own knowledge, skills and abilities, changing to the new way of working with the NOP system would be easy for me.
sent_274|277|I am able to change to the new way of working with the NOP system without the help of others.
sent_275|277|I am able to change to the new way of working with the NOP system reasonably well on my own.
sent_276|277|My interaction with the Internet TV is clear and understandable.
sent_277|277|Interacting with the Internet TV does not require a lot of my mental effort.
sent_278|277|I find the Internet TV easy to use.
sent_279|277|I find it easy to get the Internet TV to do what I want it to.
sent_280|277|Learning to use this web site would be easy for me.
sent_281|277|My interaction with this web site is clear and understandable.
sent_282|277|It would be easy for me to become skillful at using this web site.
sent_283|277|I find this web site easy to use.
sent_284|277|Learning to operate the (task-related) platform portions of (system) is easy for me.
sent_285|277|I find it easy to get the (task-related) portions of (system) to do what I want it to do.
sent_286|277|My interaction with the (task-related)portions of (system) has been clear and understandable.
sent_287|277|I find the (task-related) portions of (system) to be flexible to interact with.
sent_288|277|It is easy for me to become skillful at using the (task-related) portions of (system)
sent_289|277|I find the (task-related) portions of (system) easy to use.
sent_290|277|To aid me in my (accomplishment of tasks), overall, I feel (system) as a (technology type) is: easy to learn-difficult to learn
sent_291|277|To aid me in my (accomplishment of tasks), overall, I feel (system) as a (technology type) is: easy to manipulate-difficult to manipulate
sent_292|277|To aid me in my (accomplishment of tasks), overall, I feel (system) as a (technology type) is: clear to interact with-obscure to interact with
sent_293|277|To aid me in my (accomplishment of tasks), overall, I feel (system) as a (technology type) is: flexible to interact with - rigid to interact with
sent_294|277|To aid me in my (accomplishment of tasks), overall, I feel (system) as a (technology type) is: easy to master - difficult to master
sent_295|277|To aid me in my (accomplishment of tasks), overall, I feel (system) as a (technology type) is: very usable - very cumbersome
sent_296|277|My interaction with the system is clear and understandable.
sent_297|277|Interacting with the system does not require a lot of my mental effort.
sent_298|277|I find the system to be easy to use.
sent_299|277|I find it easy to get the system to do what I want it to do.
sent_300|277|Getting information about this product from this website would be easy.
sent_301|277|For me, getting product information easily from a website is: not at all important- extremely important.
sent_302|277|Learning how to get information about this product from this website would be easy.
sent_303|277|For me, learning how to get product information easily from a website is: not at all important- extremely important.
sent_304|277|I expect the sequencing of hyperlinks in this website to be clear.
sent_305|277|Having a clear sequence of hyperlinks would make it: much more difficult- easier for me to get information about this product.
sent_306|277|I expect the layout of this website to be intuitive.
sent_307|277|A website with an intuitive layout would make it: much more difficult- easier for me to get information about this product.
sent_308|277|Purchasing this product from this website would be easy.
sent_309|277|For me, purchasing products easily from a Web vendor is: not at all important- extremely important.
sent_310|277| Learning how to purchase this product from this Web vendor would be easy.
sent_311|277|For me, learning how to purchase products easily from a Web vendor is: not at all important- extremely important.
sent_312|277|I believe that a PWS is cumbersome to use.
sent_313|277|It is easy for me to remember how to perform tasks using a PWS.
sent_314|277|My using a PWS requires a lot of mental effort.
sent_315|277|Using a PWS is often frustrating.
sent_316|277|My interaction with a PWS is clear and understandable.
sent_317|277|I believe that it is easy to get a PWS to do what I want it to do.
sent_318|277|Overall, I believe that a PWS is easy to use.
sent_319|277|Learning to operate a PWS is easy for me.
sent_320|277|I felt lost.
sent_321|277|I felt like I was going around in circles.
sent_322|277|It was difficult to find a page that I had previously viewed.
sent_323|277|Navigating between pages was a problem.
sent_324|277|I didn't know how to get to my desired location.
sent_325|277|I felt disoriented.
sent_326|277|After browsing for a while I had no idea where to go next.
sent_327|277|Learning to operate the CRM system is easy for me.
sent_328|277|I find it easy to get the CRM system to do what I want it to do.
sent_329|277|I find the CRM system easy to use.
sent_330|277|I find the CRM system to be flexible to interact with.
sent_331|277|My interaction with the CRM system is clear and understandable.
sent_332|277|It is easy for me to become skillful at using the CRM system.
sent_333|277|Learning to operate the Exact card system was easy for me and my staff.
sent_334|277|My staff and I find it easy to get the Exact card system to do what we want it to do.
sent_335|277|Using the Exact card system is clear and understandable for me and my staff.
sent_336|277|My staff and I find the Exact card system to be flexible to use.
sent_337|277|It was easy for my staff and I to become skillful at using the Exact card system.
sent_338|277|My staff and I find the Exact card system easy to use.
sent_339|277|Learning to operate the Exact card system was easy for me and my staff.
sent_340|277|My staff and I find it easy to get the Exact card system to do what we want it to do.
sent_341|277|Using the Exact card system is clear and understandable for me and my staff.
sent_342|277|My staff and I find the Exact card system easy to use.
sent_343|277|Is student information system (SIS) user friendly?
sent_344|277|Is student information system (SIS) easy to use?
sent_345|277|Learning to use Booksamillion.com would be easy for me.
sent_346|277|My interaction with Booksamillion.com is clear and understandable.
sent_347|277|It would be easy for me to become skillful at using Books amillion.com.
sent_348|277|I find Booksamillion.com easy to use.
sent_349|277|Learning to operate an electronic meeting system is [would be] easy for groups I work with.
sent_350|277|Groups I work with find [would find] it easy to get an electronic meeting system to do what they want [would want] it to do.
sent_351|277|Groups I work with find [would find] their interaction with an electronic meeting system clear and understandable.
sent_352|277|Groups I work with find [would find] an electronic meeting system to be flexible to interact with.
sent_353|277|It is [would be] easy for groups I work with to become skillful at using an electronic meeting system.
sent_354|277|Overall, groups I work with find [would find] and electronic meeting system easy to use.
sent_355|277|Based on the reports provided to you about the Web site, do you expect that the Web site has a simple layout for its contents?
sent_356|277|Based on the reports provided to you about the Web site, do you expect that the Web site is easy to use?
sent_357|277|Based on the reports provided to you about the Web site, do you expect that the Web site is well organized?
sent_358|277|Based on the reports provided to you about the Web site, do you expect that the Web site is a clear design?
sent_359|277|Based on the reports provided to you about the Web site, do you expect that the Web site  in general, is user friendly?
sent_360|277|Based on the reports provided to you about the Web site, do you expect that the Web site is easy to go back and forth between pages?
sent_361|277|Based on the reports provided to you about the Web site, do you expect that the Web site provides a few clicks to locate information?
sent_362|277|Based on the reports provided to you about the Web site, do you expect that the Web site in general, is easy to navigate?
sent_363|277|The Web siteӳ performance that has a simple layout for its contents was: very poor - very good.
sent_364|277|The Web siteӳ performance that is easy to use was: very poor - very good.
sent_365|277|The Web siteӳ performance that is well organized was: very poor - very good.
sent_366|277|The Web siteӳ performance that is a clear design was: very poor - very good.
sent_367|277|The Web siteӳ performance that in general, is user-friendly was: very poor - very good.
sent_368|277|The Web siteӳ performance that is easy to go back and forth between pages was: very poor - very good.
sent_369|277|The Web siteӳ performance that provides a few clicks to locate information was: very poor - very good.
sent_370|277|The Web siteӳ performance that in general, is easy to navigate was: very poor - very good.
sent_371|277|The performance of the Web site that has a simple layout for its contents was: much lower than you thought - much higher than you thought.
sent_372|277|The performance of the Web site that is easy to use was: much lower than you thought - much higher than you thought.
sent_373|277|The performance of the Web site that is well organized was: much lower than you thought - much higher than you thought.
sent_374|277|The performance of the Web site that is a clear design was: much lower than you thought - much higher than you thought.
sent_375|277|The performance of the Web site that in general, is user-friendly was: much lower than you thought - much higher than you thought.
sent_376|277|The performance of the Web site that is easy to go back and forth between pages was: much lower than you thought - much higher than you thought.
sent_377|277|The performance of the Web site that provides a few clicks to locate information was: much lower than you thought - much higher than you thought.
sent_378|277|The performance of the Web site that in general, is easy to navigate was: much lower than you thought - much higher than you thought.
sent_379|277|It is easy to learn how to use the computer systems that give me access to data.
sent_380|277| The computer systems that give me access to the data are convenient and easy to use.
sent_381|277|Overall, I believe that shopping online is easier.
sent_382|277|It is easy for me to shop online.
sent_383|277|My interactions during shopping online were clear and understandable.
sent_384|277|I believe that it is easy to do what I want to do while shopping online.
sent_385|277| is easy to use.
sent_386|277|it is easy to get --- to do what I want it to do.
sent_387|277|is easy to operate.
sent_388|277| allows information to be readily accessible to me.
sent_389|277|makes information very accessible.
sent_390|277|makes information easy to access.
sent_391|277|Instructions for using equipment in the CRC will be hard to follow.
sent_392|277|Instructions that are hard to follow are: bad - good.
sent_393|277|It will be difficult to learn how to use the CRC.
sent_394|277|A service that is difficult to learn is: bad - good.
sent_395|277|It will be easy to operate the equipment in the CRC.
sent_396|277|A service with equipment that is easy to operate is: bad - good.
sent_397|277|I expect that learning how to use MDS would be easy for me.
sent_398|277|I expect that my interaction with MDS would be clear and understandable.
sent_399|277|I would find MDS to be easy to use.
sent_400|277|I expect that it would be easy for me to become skillful at using MDS.
sent_401|277|Learning to operate an EMS is [would be] easy for groups I work with.
sent_402|277|Groups I work with find [would find] it easy to get an EMS to do what they want [would want] it to do.
sent_403|277|Groups I would with find [would find] their interaction with an EMS clear and understandable.
sent_404|277|Groups I work with find [would find] and EMS to be flexible to interact with.
sent_405|277|It is [would be] easy for groups I work with to become skillful at using an EMS.
sent_406|277| Overall groups I work with find [would find ]an EMS easy to use.
sent_407|277|Using an EMS enables [would enable] groups I normally work with to accomplish their tasks more quickly.
sent_408|277|The user can instruct the tools to redraw a diagram on the screen so that it is uncluttered and easy to read.
sent_409|277|I find it easy to recover from errors encountered while using electronic mail.
sent_410|277|The electronic mail system is rigid and inflexible to interact with.
sent_411|277|Interacting with this website does not require a lot of mental effort.
sent_412|277|I find it easy to get the website to do what I want it to do.
sent_413|277|I find the website easy to use.
sent_414|277|Overall, I believe it was easy for me to understand what the class diagram was trying to model.
sent_415|277|Overall, I believe that the class diagram was easy to use.
sent_416|277|Understanding the class diagram was difficult.
sent_417|277|The clarity between text and images was: high - low.
sent_418|277|The images (or graphics) on the webpages were: similar - dissimilar.
sent_419|277|The information items on the webpages were: similar - dissimilar.
sent_420|277|The text on the webpages was: short - long.
sent_421|277|The webpage backgrounds were: not visually dense at all - visually dense.
sent_422|277|The graphics on the webpages were: not visually dense at all - visually dense.
sent_423|277|The layout of the webpages was: not visually dense at all - visually dense.
sent_424|277|Procedures to browse the websites were: unclear - clear.
sent_425|277|Hyperlinks on the website were: unambiguous - ambiguous.
sent_426|277|Information presented on the websites was: unambiguous - ambiguous.
sent_427|277|Information on the succeeding links from the initial page was: predictable - unpredictable.
sent_428|277|Individual links took me to desired webpages: always - never.
sent_429|277|Information presented on the website was: uncertain - certain.
sent_430|277|It is easy for me to become skillful in using computers.
sent_431|277|I find computers easy to use.
sent_432|277|I find it easy to get a computer to do what I want it to do.
sent_433|277|Learning to operate a computer is easy for me.
sent_434|277|At the time I subscribed, I felt this online service would be hard to learn.
sent_435|277|At the time I subscribed, I felt this online service would be quite complicated to master.
sent_436|277|At the time I subscribed, I felt this online service would be difficult to use.
sent_437|277|At the time I subscribed, I felt this online service would have a complex, hard-to-learn system
sent_438|277|There is not enough training for me or my staff on how to find, understand, access or use the company computer systems.
sent_439|277|I am getting the training I need to be able to use company computer systems, languages, procedures and data effectively.
sent_440|278|I am keenly aware of the income goals I have for myself if I learn business and technical knowledge about the (Purchasing) module. (2)
sent_441|278|I am strongly motivated by the money I can earn if I learn business and technical knowledge about the (Purchasing) module. (1,2)
sent_442|278|I am keenly aware of the promotion goals I have for myself if I learn business and technical knowledge about the (Purchasing) module. (2)
sent_443|278|If I learn business and technical knowledge about the (Purchasing) module, I want other people to find out how good I am. (1)
sent_444|278|I am strongly motivated by the recognition I can earn from other people for learning business and technical knowledge about the (Purchasing) module. (1)
sent_445|278|I have to feel that I'm earning something for learning business and technical knowledge about the (Purchasing) module.
sent_446|278|Using the system in my job would enable me to accomplish tasks more quickly.
sent_447|278|Using the system would improve my job performance.
sent_448|278|Using the system in my job would increase my productivity.
sent_449|278|Using the system would enhance my effectiveness on the job.
sent_450|278|Using the system would make it easier to do my job.
sent_451|278|I would find the system useful in my job.
sent_452|278|Using the system in my job would enable me to accomplish tasks more quickly.
sent_453|278|Using the system would improve my job performance.
sent_454|278|Using the system in my job would increase my productivity.
sent_455|278|Using the system would enhance my effectiveness on the job.
sent_456|278|Using the system would make it easier to do my job.
sent_457|278|I would find the system useful in my job.
sent_458|278|Use of the system will have no effect on the performance of my job.
sent_459|278|Use of the system can decrease the time needed for my important job responsibiiities.
sent_460|278|Use of the system can significantly increase the quality of output on my job
sent_461|278|Use of the system can increase the effectiveness of performing job tasks.
sent_462|278|Use can increase the quantity of output for the same amount of effort
sent_463|278|Considering all tasks, the general extent to which use of the system could assist on the job.
sent_464|278|Using the system enables me to accomplish tasks more quickly.
sent_465|278|Using the system improves the quality of the work I do my job.
sent_466|278|Using the system enhances my effectiveness on the job.
sent_467|278|Using the system increases my productivity.
sent_468|278|If I use the system I will increase my effectiveness on the job.
sent_469|278|I will spend less time on routine job tasks.
sent_470|278|I will increase the quality of output of my job.
sent_471|278|I will increase the quantity of output for the same amount of effort.
sent_472|278|My coworkers will perceive me as competent.
sent_473|278|I will increase my chances of obtaining a promotion.
sent_474|278|I will increase my chances of getting a raise.
sent_475|278|I would find the system useful in my job.
sent_476|278|Using the system enables me to accomplish tasks more quickly.
sent_477|278|Using the system increases my productivity.
sent_478|278|If I use the system, I will increase my chances of getting a raise.
sent_479|278|Using the system improves my performance in my job.
sent_480|278|Using the system in my job increases my productivity.
sent_481|278|Using the system enhances my effectiveness.
sent_482|278|I find the system to be useful in my job.
sent_483|278|Using the Web enhances my effectiveness in college.
sent_484|278|Using the Web enhances my productivity.
sent_485|278|I find the Web useful in my college activities.
sent_486|278|Using the Web improves my performance in college.
sent_487|278|If I were to adopt Windows, it would enable me to accomplish my tasks more quickly.
sent_488|278|If I were to adopt Windows, the quality of my work would improve.
sent_489|278|If I were to adopt Windows, it would enhance my effectiveness on the job.
sent_490|278|If I were to adopt Windows, it would make my job easier.
sent_491|278|If I use a computer I will be better organized.
sent_492|278|If I use a computer I will increase my effectiveness on the job.
sent_493|278|If I use a computer I will spend less time on routine job tasks.
sent_494|278|If I use a computer I will increase the quality of output of my job.
sent_495|278|If I use a computer I will increase the quantity of output for the same amount of effort.
sent_496|278|If I use a computer I will be less reliant on clerical support staff.
sent_497|278|If I use a computer my co-workers will perceive me as competent.
sent_498|278|If I use a computer I will increase my sense of accomplishment.
sent_499|278|If I use a computer I will increase my chances of obtaining a promotion.
sent_500|278|If I use a computer I will be seen as higher in status by my peers.
sent_501|278|If I use a computer I will increase my chances of getting a raise.
sent_502|278|Using CBT will improve my performance
sent_503|278|Using CBT will increase my productivity
sent_504|278|Using CBT will enhance my effectiveness
sent_505|278|CBT will be useful for my studies
sent_506|278|By using the system I can decide more quickly and more easily which movie I want to go see than in the past.
sent_507|278|By using the system I can better decide which movie I want to go see than in the past.
sent_508|278|By using the system I am better informed about new movies.
sent_509|278|By using the system I can decide more quickly and more easily whether I want to go see a particular movie or not.
sent_510|278|By using the system I can better decide whether I want to go see a particular movie or not.
sent_511|278|The Web site improves my performance in CD/book searching and buying.
sent_512|278|The Web site enables me to search and buy CDs/books faster.
sent_513|278|The Web site enhances my effectiveness in CD/book searching and buying.
sent_514|278|The Web site increases my productivity in searching and purchasing CDs/books.
sent_515|278|Using OBD improves my performance in managing personal finances.
sent_516|278|Using OBD increases my productivity in managing personal finances.
sent_517|278|Using OBD enhances my effectiveness in managing personal finances.
sent_518|278|Overall, OBD is useful in managing personal finances.
sent_519|278|Using the second system enabled me to accomplish my evaluation task more quickly.
sent_520|278|Using the second system improved the quality of the evaluation I performed.
sent_521|278|Using the second system made the evaluation task easier to do.
sent_522|278|Using the second system enhanced my effectiveness in completing the evaluation task.
sent_523|278|Using the second system increased my productivity in performing the evaluation task.
sent_524|278|Using the second system allowed me to accomplish or view more information related to understanding the two departments than would otherwise have been possible.
sent_525|278|The second system enhanced the quality of my evaluation judgment.
sent_526|278|The second system supported all the various types of activities required to complete the evaluation task.
sent_527|278|Overall, I found the second system useful in performing the evaluation task.
sent_528|278|Using computers improves my job performance.
sent_529|278|Using computers improves my productivity on the job.
sent_530|278|I find using computers useful in my job.
sent_531|278|Using computers enhances my effectiveness on the job.
sent_532|278|How useful to you has computer-based information been during the annual budget preparation process?
sent_533|278|How useful to you has computer-based information been for day-to-day expenditure decisions?
sent_534|278|How useful to you has computer-based information been in managing your financial resources in order to prevent overspending?
sent_535|278|How useful to you has computer-based information been in identifying where there might be slack resources that could be to other purposes?
sent_536|278|Computers have made it easier for me to get the information I need.
sent_537|278|Computers save me time in looking for information.
sent_538|278|Difficulties in accessing computer-based data gathered or held by other departments and agencies.
sent_539|278|Use of a PC will have no effect on the performance of my job.
sent_540|278|Use of a PC can decrease the time needed for my important job responsibilities.
sent_541|278|Use of a PC can significantly increase the quality of output of my job.
sent_542|278|Use of a PC can increase the effectiveness of performing job tasks (e.g., analysis)
sent_543|278|A PC can increase the quantity of output for same amount of effort.
sent_544|278|Considering all tasks, the general extent to which use of PC could assist on job.
sent_545|278|Use of a PC will increase the level of challenge on my job.
sent_546|278|Use of a PC will increase the opportunity for preferred future job assignments.
sent_547|278|Use of a PC will increase the amount of variety on my job.
sent_548|278|Use of a PC will increase the opportunity for more meaningful work.
sent_549|278|Use of a PC will increase the flexibility of changing jobs.
sent_550|278|Use of a PC will increase the opportunity to gain job security.
sent_551|278|My job would be difficult to perform without electronic mail.
sent_552|278|Using electronic mail gives me greater control over my work.
sent_553|278|Using electronic mail improves my job performance.
sent_554|278|The electronic mail system addresses my job-related needs.
sent_555|278|Using electronic mail saves me time.
sent_556|278|Electronic mail enables me to accomplish tasks more quickly.
sent_557|278|Electronic mail supports critical aspects of my job.
sent_558|278|Using electronic mail allows me to accomplish more work than would otherwise be possible.
sent_559|278|Using electronic mail reduces the time I spend on unproductive activities.
sent_560|278|Using electronic mail enhances my effectiveness on the job.
sent_561|278|Using electronic mail improves the quality of the work I do.
sent_562|278|Using electronic mail increases my productivity.
sent_563|278|Using electronic mail makes it easier to do my job.
sent_564|278|Overall, I find the electronic mail system useful in my job.
sent_565|278|Using CHART-MASTER in my job would enable me to accomplish my tasks more quickly
sent_566|278|Using CHART-MASTER would improve my job performance
sent_567|278|Using CHART-MASTER in my job would increase my productivity
sent_568|278|Using CHART-MASTER would enhance my effectiveness on the job
sent_569|278|Using CHART-MASTER would make it easier to do my job
sent_570|278|I would find CHART-MASTER useful in my job
sent_571|278|Using a PWS enables me to accomplish tasks more quickly.
sent_572|278|Using a PWS improves the quality of work I do.
sent_573|278|Using a PWS makes it easier to do my job.
sent_574|278|The disadvantages of my using a PWS far outweigh the advantages.
sent_575|278|Using a PWS improves my job performance.
sent_576|278|Overall, I find using a PWS to be advantageous in my job.
sent_577|278|Using a PWS enhances my effectiveness on the job.
sent_578|278|Using a PWS gives me greater control over my work.
sent_579|278|Using a PWS increases my productivity.
sent_580|278|It would take me (Much more/Much less) time to do the assignment with [the spreadsheet] than to do the assignment with my calculator.
sent_581|278|How important is it to you that you get the assignment done quickly?
sent_582|278|CRC will be of no benefit to me.
sent_583|278|A service that is of no benefit to me is: (bad/good).
sent_584|278|Using the CRC will improve my grades.
sent_585|278| A service that will improve my grades is: (bad/good).
sent_586|278|The advantages of the CRC will outweigh the disadvantages.
sent_587|278|A service with more advantages than disadvantages is: (bad/good).
sent_588|278|Overall, using the CRC will be advantageous.
sent_589|278|A service that is advantageous is: (bad/good).
sent_590|278|Using the system makes it easier to do my job.
sent_591|278|Considering the time and effort that I have to spend, the change to the new way of working with the NOP system is worthwhile .
sent_592|278|Considering the loss that I incur, the change to the new way of working with the NOP system is of good value.
sent_593|278|Considering the hassle that I have to experience, the change to the new way of working with the NOP system is beneficial to me.
sent_594|278|Changing to the new way of working with the NOP system would enhance my effectiveness on the job than working in the current way.
sent_595|278|Changing to the new way of working with the NOP system would enable me to accomplish relevant tasks more quickly than working in the current way.
sent_596|278|Changing to the new way of working with the NOP system would increase my productivity than working in the current way.
sent_597|278|Changing to the new way of working with the NOP system would improve the quality of the work I do than working in the current way.
sent_598|278|Using the Internet TV improves my performance for communication and information search.
sent_599|278|Using the internet TV improves my productivity for communication and information search.
sent_600|278|Using the internet TV enhances my effectiveness for communication & information search.
sent_601|278|Using the Internet TV is useful for my communication and information search.
sent_602|278|Using this web site can improve my shopping performance.
sent_603|278|Using this web site can increase my shopping productivity.
sent_604|278|Using this web site can increase my shopping effectiveness.
sent_605|278|I find using this web site useful.
sent_606|278|I would find it more convenient to educate myself about auto insurance policy coverages by reading from the web site than by asking questions of an agent.
sent_607|278|I would find a lower price for my policy using the web than through an agent.
sent_608|278|It would be more convenient for me to use the web to compare auto insurance prices than an agent.
sent_609|278|I would find it more convenient to use this web tool rather than an agent.
sent_610|278|I would find it more convenient to purchase the policy on the web than through an agent.
sent_611|278|I would find it more convenient to file a claim on the web than through an agent.
sent_612|278|I would find it more convenient to use this web tool rather than an agent.
sent_613|278|It would be more convenient for me to use the web to compare auto insurance prices than an agent.
sent_614|278|One of the advantages of shopping on the web is the absence of sales pressure.
sent_615|278|Shopping on the web saves time.
sent_616|278|Shopping on the web saves money.
sent_617|278|Shopping on the web is very convenient.
sent_618|278|Shopping on the web allows me to compare prices easily.
sent_619|278|Using (system) as a (technology type) enables me to (accomplish tasks) more quickly.
sent_620|278|Using (system) improves my (ability to accomplish task).
sent_621|278|Using (system) as a (technology type) increases my productivity.
sent_622|278|Using (system) enhances my effectiveness in (accomplishing task).
sent_623|278|Using (system) makes it easier to do my (task).
sent_624|278|I find (system) useful in my (task completion).
sent_625|278|To aid me in my (accomplishment of tasks), overall, I feel (system) as a (technology type) is: efficient-inefficient
sent_626|278|To aid me in my (accomplishment of tasks), overall, I feel (system) as a (technology type) is: performance enhancing-performance degrading
sent_627|278|To aid me in my (accomplishment of tasks), overall, I feel (system) as a (technology type) is: productivity increasing-productivity decreasing
sent_628|278|To aid me in my (accomplishment of tasks), overall, I feel (system) as a (technology type) is: effective-ineffective
sent_629|278|To aid me in my (accomplishment of tasks), overall, I feel (system) as a (technology type) is: helpful-unhelpful
sent_630|278|To aid me in my (accomplishment of tasks), overall, I feel (system) as a (technology type) is: quite useful-quite useless
sent_631|278|The website improves my online shopping performance.
sent_632|278|The website improves my online decision-making in online shopping.
sent_633|278|The website increases my online shopping effectiveness.
sent_634|278|I find this website useful.
sent_635|278|The WWW is of benefit to me.
sent_636|278|The advantages of the WWW outweigh the disadvantages.
sent_637|278|Overall, using the WWW is advantageous.
sent_638|278|Using the system improves my performance in my job.
sent_639|278|Using the system in my job increases my productivity.
sent_640|278|Using the system enhances my effectiveness in my job.
sent_641|278|I find the system to be useful in my job.
sent_642|278|This website would be useful for getting valuable information about this product.
sent_643|278|For me, getting valuable information about a product from a website is: not at all important- extremely important.
sent_644|278|This website would enhance my effectiveness in getting useful information about this product.
sent_645|278|For me, getting useful information about a product from a website is: not at all important- extremely important.
sent_646|278|This website would be useful in purchasing this product.
sent_647|278|For me, a website that is useful in purchasing products is: not at all important- extremely important.
sent_648|278|This website would enhance my effectiveness in purchasing this product.
sent_649|278|For me, a website that enhances my effectiveness in purchasing products is: not at all important- extremely important.
sent_650|278|Using a PWS enables me to accomplish tasks more quickly.
sent_651|278|Using a PWS improves the quality of work I do.
sent_652|278|Using a PWS makes it easier to do my job.
sent_653|278|The disadvantages of my using a PWS far outweigh the advantages.
sent_654|278|Using a PWS improves my job performance.
sent_655|278|Overall, I find using a PWS to be advantageous in my job.
sent_656|278|Using a PWS enhances my effectiveness on the job.
sent_657|278|Using a PWS gives me greater control over my work.
sent_658|278|Using a PWS increases my productivity.
sent_659|278|Using DMS in my job will increase my productivity (e.g., make my work faster).
sent_660|278|Using DMS in my job will improve my performance (e.g., make my work better).
sent_661|278|Using DMS in my job will make me more effective (e.g., help me make better decisions).
sent_662|278|I find DMS to be useful in my job.
sent_663|278|Using the CRM system in my job will increase my productivity.
sent_664|278|Using the CRM system will enhance my effectiveness on the job.
sent_665|278|Using the CRM system will make it easier to do my job.
sent_666|278|Using the CRM system will improve my job performance.
sent_667|278|Using this website can improve my shopping performance.
sent_668|278|Using this website can increase my shopping productivity.
sent_669|278|Using this website can increase my shopping effectiveness.
sent_670|278|Using this website improved my performance in shopping.
sent_671|278|Using this website increased my productivity in shopping.
sent_672|278|Using this website enhanced my effectiveness in shopping.
sent_673|278|Overall, using this website is useful in shopping.
sent_674|278|Using an Open Source alternative for MS Office will negatively impact my ability to complete tasks.
sent_675|278|Using a student information system enables me to accomplish student-related tasks more quickly.
sent_676|278|Using a student information system improves my job performance.
sent_677|278|Using a student information system in my job increases my productivity.
sent_678|278|Using a student information system enhances my effectiveness on the job.
sent_679|278|Using a student information system makes it easier to do my job.
sent_680|278|I find a student information system useful on my job.
sent_681|278|Using Booksamillion.com can improve my shopping performance.
sent_682|278|Using Booksamillion.com can increase my shopping productivity.
sent_683|278|Using Booksamillion.com can increase my shopping effectiveness.
sent_684|278|I find using Booksamillion.com useful.
sent_685|278|Using and electronic meeting system enables [would enable] groups I normally work with to accomplish the tasks more quickly.
sent_686|278|Using an electronic meeting system improves [would improve] the performance of groups I work with.
sent_687|278|Using an electronic meeting system increases [would increase] the productivity of groups I work with.
sent_688|278|Using an electronic meeting system enhances [would enhance] the effectiveness of groups I work with.
sent_689|278|Using an electronic meeting system makes it [would make it] easier for groups I work with to carry out their tasks.
sent_690|278|Groups I work find [would find] an electronic meeting system useful for group work.
sent_691|278|Information that is informative to your purchase decision is: not important at all - extremely important.
sent_692|278|Information that is valuable to your purchase decision is: not important at all - extremely important.
sent_693|278|In general, information that is useful in your purchase decision is: not important at all - extremely important.
sent_694|278|Shopping online gives me greater control.
sent_695|278|Shopping online improves the quality of decision making.
sent_696|278|Shopping online is a more effective way to make purchase.
sent_697|278|Overall, I find shopping online very useful.
sent_698|278|Shopping online helps me accomplish tasks more quickly.
sent_699|278|I did not have to spend too much time to complete the transaction.
sent_700|278|I did not have to spend too much effort to complete the transaction.
sent_701|278|It enabled us to make decisions more quickly.
sent_702|278|It increased our productivity.
sent_703|278|It improved our performance.
sent_704|278|Using --- improves my ability to make good decisions.
sent_705|278|allows me to get my work done more quickly.
sent_706|278|Using --- enhances my effectiveness on the job.
sent_707|278|The DSS gave clear guidance on how I could do better.
sent_708|278|The tools provided by the site help me replace a product.
sent_709|278|The tools provided by the site help me replace my product if I need another product.
sent_710|278|The tools provided by the site allow me to find where to get a replacement product if mine is not working.
sent_711|278|The tools provided by the site help me to establish my product requirements.
sent_712|278|The tools provided by the site help me in determining my product needs.
sent_713|278|The tools provided by the site help me better figure out my product requirements.
sent_714|278|The tools provided by the site help me determine the attributes of the product I intend to buy.
sent_715|278|The tools provided by the site aid me in identifying which product attributes best fit my needs.
sent_716|278|The tools provided by the site let me specify the product features that I want.
sent_717|278|The tools provided by the site allow me to verify the acceptability of a product before I use it.
sent_718|278|The tools provided by the site provide me with enough information to determine the quality of the product before buying.
sent_719|278|Using the site enabled me to shop more quickly.
sent_720|278|In my opinion, using the site increased my shopping effectiveness.
sent_721|278|Overall, the site was useful for shopping.
sent_722|278|Knowledge gained using this system will be helpful to me with other systems in the future.
sent_723|278|Knowing how to use this system makes me more marketable.
sent_724|278|If I use a computer I will be better organized.
sent_725|278|If I use a computer my co-workers will perceive me as competent.
sent_726|278|If I use a computer I will increase my sense of accomplishment.
sent_727|278|If I use a computer I will increase my chances of obtaining a promo.
sent_728|278|If I use a computer I will increase my effectiveness on the job
sent_729|278|If I use a computer I will be seen as higher in status by my peers.
sent_730|278|If I use a computer I will increase my chances of getting a raise.
sent_731|278|If I use a computer I will spend less time on routine job tasks.
sent_732|278|If I use a computer I will increase the quality of output of my job.
sent_733|278|If I use a computer I will increase the quantity of output for the same amount of effort.
sent_734|278|If I use a computer I will be less reliant on clerical support staff.
sent_735|278|The CRC will be of no benefit to me.
sent_736|278|A service that is of no benefit to me is: bad - good.
sent_737|278|Using the CRC will improve my grades.
sent_738|278|A service that will improve my grades is: bad - good.
sent_739|278|The advantages of the CRC will outweigh the disadvantages.
sent_740|278|A service with more advantages than disadvantages is: bad - good.
sent_741|278|Overall, using the CRC will be advantageous.
sent_742|278|A service that is advantageous is: bad - good.
sent_743|278|Using MDS would increase my chances of achieving things that are important to me.
sent_744|278|I would find MDS to be useful in my daily life.
sent_745|278|Using MDS would help me accomplish things more quickly.
sent_746|278|Because {subordinate} uses software process improvements {subordinate} has improved the quality of his or her work.
sent_747|278|Because {subordinate} uses software process improvements {subordinate} is more productive in his or her work.
sent_748|278|Because {subordinate} uses software process improvements {subordinate} is more effective in his or her work.
sent_749|278|Amazon.com is useful in shopping for CDs.
sent_750|278|Amazon.com improves my performance in shopping for CDS.
sent_751|278|Amazon.com enables me to shop for CDs faster.
sent_752|278|Amazon.com enhances my effectiveness in CD shopping.
sent_753|278|Amazon.com makes it easier to shop for CDs.
sent_754|278|Amazon.com increases my productivity in shopping for CDs.
sent_755|278|Using an EMS improves [would improve] the performance of groups I work with.
sent_756|278|Using an EMS increases [would increase] the productivity of groups I work with.
sent_757|278|Using an EMS enhances [would enhance] the effectiveness of groups I work with.
sent_758|278|Using an EMS makes it [would make it] easier for groups I work with to carry out their tasks.
sent_759|278|Groups I work find [would find] an EMS useful for group work.
sent_760|278|Compared to Google alone: enables me to find good information faster.
sent_761|278|Compared to Google alone: is useful for searching information on the Web.
sent_762|278|Compared to Google alone: improves my performance in Web querying.
sent_763|278|Compared to Google alone: increases my productivity in searching the Web.
sent_764|278|Using Electronic Mail in my job enables (would enable) me to accomplish tasks more quickly.
sent_765|278|Using Electronic Mail improves (would improve) my job performance.
sent_766|278|Using Electronic Mail in my job increases (would increase) my productivity.
sent_767|278|Using Electronic Mail enhances (would enhance) my effectiveness on the job.
sent_768|278|Using Electronic Mail makes it (would make it)easier to do my job.
sent_769|278|I find (would find) Electronic Mail useful in my job.
sent_770|278|The accuracy of the information I receive will be improved by the PCS.
sent_771|278|Using the portal site enhances my effectiveness.
sent_772|278|Using the portal site enhances my productivity.
sent_773|278|Using the portal site improves my performance.
sent_774|278|Using computers enhances my productivity in college.
sent_775|278|I find computers useful in my college activities.
sent_776|278|Using computers enhances my effectiveness in college.
sent_777|278|Using computers improves my performance in college.
sent_778|278|At the time I subscribed, I felt this online service would save me time/effort over other means of performing the same tasks.
sent_779|278|At the time I subscribed, I felt this online service would enable me to perform many tasks better than through other means.
sent_780|278|At the time I subscribed, I felt this online service would provide a greater value than other ways of performing the same task.
sent_781|278|At the time I subscribed, I felt this online service would be better than other ways of performing the same activities.
sent_782|343|(Consultant William) is trustworthy.
sent_783|343|(Consultant William) is experienced.
sent_784|343|(Consultant William) is well-trained.
sent_785|343|The level of appreciation that the [IS organization] and the [line organization] have for each other's accomplishments is: extremely weak- extremely strong.
sent_786|343|The level of trust that exists between the [IS organization] and the [line organization] is: extremely weak- extremely strong.
sent_787|343|The reputation of the [line organization] for meeting its commitments to the [IS organization] is: extremely weak- extremely strong.
sent_788|343|The reputation of the [IS organization] for meeting its commitments to the [line organization] is: extremely weak- extremely strong.
sent_789|343|I believe that people in my organization give credit for other's knowledge where it is due.
sent_790|343|I believe that people in my organization do not use unauthorized knowledge.
sent_791|343|I believe that people in my organization use other's knowledge appropriately.
sent_792|343|I believe that people in my organization share the best knowledge that they have.
sent_793|343|I think the seller is honest.
sent_794|343|I believe this seller will deliver to me the product I purchase according to the posted delivery terms and conditions
sent_795|343|I believe this seller will deliver to me a product that matches the posted description.
sent_796|343|Based on my experience with the online vendor in the past, I know it is honest.
sent_797|343|Based on my experience with the online vendor in the past, I know it cares about customers.
sent_798|343|Based on my experience with the online vendor in the past, I know it is not opportunistic.
sent_799|343|Based on my experience with the online vendor in the past, I know it is predictable.
sent_800|343|Based on my experience with the online vendor in the past, I know it knows the market.
sent_801|343|I feel safe conducting business with the online vendor because the Better Business Bureau will protect me.
sent_802|343|I feel safe conducting business with the online vendor because it provides a 1-800 number.
sent_803|343|I feel safe conducting business with the online vendor because of its statements of guarantees.
sent_804|343|The behavior of IS employees instills confidence in users.
sent_805|343|Users will feel safe in their transactions with IS's employees.
sent_806|343|IS employees are consistently courteous with users.
sent_807|343|IS employees have the knowledge to do their job well.
sent_808|343|The behavior of employees in excellent information services will instill confidence in users.
sent_809|343|Employees in excellent information services will be consistently courteous with users.
sent_810|343|Employees in excellent information services will have the knowledge to answer users' questions.
sent_811|343|The behavior of employees in our information services instills confidence in you.
sent_812|343|Employees in our information services are consistently courteous with you.
sent_813|343|Employees in our information services have the knowledge to answer your questions.
sent_814|343|To what extent did you have confidence and trust in your project executive regarding his/her general fairness?
sent_815|343|How free did you feel to discuss with the project executive the problems and difficulties you had in this project without jeopardizing your position or having it Ԩeld against youԠlater?
sent_816|343|Project executives at times must make decisions that seem to be against the interests of their project managers. If this were to happen to you in this project, how much trust did you have that the project executiveӳ decision was justified by other considerations?
sent_817|343|Our business relationship with [vendor name] is characterized by high levels of trust.
sent_818|343|Our firm and [vendor name] generally trust each other that each will stay within the terms of the contract.
sent_819|343|We and [vendor name] are generally skeptical of the information provided to each other .
sent_820|343|I would have greater confidence in the explanations provided on such web sites than those offered by an agent.
sent_821|343|I would trust the validity of quotes provided by the web more than those provided by an agent.
sent_822|343|I believe such a web tool would provide more objective recommendations than an agent.
sent_823|343|I would trust the recommendation of such web sites more than the recommendation of an agent with regard to the appropriate level of coverage for my needs.
sent_824|343|I would feel more confident purchasing the policy through the web than through an agent.
sent_825|343|I would be more confident filing a claim through the web than through an agent.
sent_826|343|I believe such a web tool would provide more objective recommendations than an agent.
sent_827|343|I would trust the recommendation of such web sites more than the recommendation of an agent with regard to the appropriate level of coverage for my needs.
sent_828|343|I would find a lower price for my policy using the web than through an agent.
sent_829|343|I would trust the validity of quotes provided by the web more than those provided by an agent.
sent_830|343|My current auto insurance agent acts in my best interests.
sent_831|343|My current auto insurance agent is honest in his/her dealings with me.
sent_832|343|My current auto insurance agent is very knowledgeable about auto insurance policies.
sent_833|343|Online companies tell the truth related to the collection and use of the personal information of their customers.
sent_834|343|Online companies are honest with customers when it comes to collecting and using the personal information of their customers.
sent_835|343|Online companies fulfill their promises about collecting and using personal information of their customers.
sent_836|343|Online companies are in general predictable and consistent regarding the usage of the personal information of their customers.
sent_837|343|Online companies are trustworthy in handling the personal information of their customers.
sent_838|343|Supplier that is absolutely trustworthy.
sent_839|343|Supplier that honors their promises.
sent_840|343|Supplier that establishes a very high level of mutual confidence with your firm.
sent_841|343|I feel that people are generally trustworthy.
sent_842|343|I feel that people are generally reliable.
sent_843|343|I trust Company X in handling my information.
sent_844|343|Most of my teammates approach their job with professionalism and dedication.
sent_845|343|I see no reason to doubt my teammates' competence and preparation for the job.
sent_846|343|I can rely on other teammates not to make my job more difficult by careless work.
sent_847|343|Most of my teammates can be relied upon to do as they say they will do.
sent_848|343|This Web vendor would be competent in providing objective information about this product.
sent_849|343|For me, getting objective product information from a website is: not at all important- extermely important.
sent_850|343|This Web vendor would be honest in providing accurate information about this product.
sent_851|343|For me, getting accurate product information from a website is: not at all important- exteremely important.
sent_852|343|This Web vendor would be competent in delivering this product in a timely fashion.
sent_853|343|For me, product delivery in a timely fashion is important.
sent_854|343|This Web vendor would be honest in its dealings when I purchase this product from it.
sent_855|343|For me, a Web vendor that is honest in its dealings with its customers is: not at all important- extremely important.
sent_856|343|This Web vendor would not seek to take advantage of me if I purchase this product from it.
sent_857|343|For me, a Web vendor that does not seek to take advantage of its customers is: not at all important- extremely important.
sent_858|343|The person providing the DMS training was knowledgeable on this topic.
sent_859|343|The person providing the DMS training was trustworthy.
sent_860|343|The person providing the DMS training was credible.
sent_861|343|The person providing the DMS training appeared to be an expert on this topic.
sent_862|343|This site is trustworthy.
sent_863|343|I believe that this Website vendor has my best interests in mind.
sent_864|343|This website vendor gives the impression that it keeps promises and commitments.
sent_865|343|I generally trust other people.
sent_866|343|I generally have faith in humanity.
sent_867|343|I feel that people are generally reliable.
sent_868|343|I generally trust other people unless they give me reasons not to.
sent_869|343|In general, people really do care about the well-being of others.
sent_870|343|The typical person is sincerely concerned about the problems of others.
sent_871|343|Most of the time, people care enough to try to be helpful, rather than just looking out for themselves.
sent_872|343|In general, most folks keep their promises.
sent_873|343|I think people generally try to back up their words with their actions.
sent_874|343|Most people are honest in their dealings with others.
sent_875|343|I believe that most professional people do a very good job at their work.
sent_876|343|Most professionals are very knowledgeable in their chosen field.
sent_877|343|A large majority of professional people are competent in their area of expertise.
sent_878|343|I usually trust people until they give me a reason not to trust them.
sent_879|343|I generally give people the benefit of the doubt when I first meet them.
sent_880|343|My typical approach is to trust new acquaintances until they prove I should not trust them.
sent_881|343|I feel that most Internet vendors would act in a customersҠbest interest.
sent_882|343| If a customer required help, most Internet vendors would do their best to help.
sent_883|343|Most Internet vendors are interested in customer well-being, not just their own wellbeing.
sent_884|343|I am comfortable relying on Internet vendors to meet their obligations.
sent_885|343|I feel fine doing business on the Internet since Internet vendors generally fulfill their agreements.
sent_886|343|I always feel  confident that I can rely on Internet vendors to do their part when I interact with them.
sent_887|343|In general, most Internet vendors are competent at serving their customers.
sent_888|343|Most Internet vendors do a capable job at meeting customer needs.
sent_889|343|I feel that most Internet vendors are good at what they do.
sent_890|343|I believe that LegalAdvice.com would act in my best interest.
sent_891|343|If I required help, LegalAdvice.com would do its best to help me.
sent_892|343|LegalAdvice.com is interested in my well-being, not just its own.
sent_893|343|LegalAdvice.com is truthful in its dealings with me.
sent_894|343|I would characterize LegalAdvice.com as honest.
sent_895|343|LegalAdvice.com would keep its commitments.
sent_896|343|LegalAdvice.com is sincere and genuine.
sent_897|343|LegalAdvice.com is competent and effective in providing legal advice.
sent_898|343|LegalAdvice.com performs its role of giving legal advice very well.
sent_899|343|Overall, LegalAdvice.com is a capable and proficient Internet legal advice provider.
sent_900|343|In general, LegalAdvice.com is very knowledgeable about the law.
sent_901|343|When an important legal issue or problem arises, I would feel comfortable depending on the information provided by LegalAdvice.com.
sent_902|343|I can always rely on LegalAdvice.com in a tough legal situation.
sent_903|343|I feel that I could count on LegalAdvice.com to help with a crucial legal problem.
sent_904|343|Faced with a difficult legal situation that required me to hire a lawyer (for a fee), I would use the firm backing LegalAdvice.com.
sent_905|343|The contractors have been frank in dealing with us.
sent_906|343|Promises made by the contractors are reliable.
sent_907|343|The contractors are knowledgeable regarding their services.
sent_908|343|The contractors do not make false claims.
sent_909|343|If problems such as delays arise, the contractors are honest  about the problems.
sent_910|343|The escrow method in Amazonӳ auction marketplace: guarantees that I will get what I pay for.
sent_911|343|The escrow method in Amazonӳ auction marketplace: protects me from an inappropriate behavior of sellers.
sent_912|343|The escrow method in Amazonӳ auction marketplace: guarantees that sellers cannot cheat easily.
sent_913|343|I believe my credit card company will protect me in case of problematic transactions with sellers in Amazonӳ auction marketplace.
sent_914|343|I am confident that my credit card payments are safe in case of disputed purchases from sellers in Amazonӳ auction marketplace.
sent_915|343|My credit card company will stand by me if problems occur during transactions with sellers in Amazonӳ auction marketplace.
sent_916|343|As an auction host/intermediary, Amazon can be trusted at all times.
sent_917|343|As an auction host/intermediary, Amazon has high integrity.
sent_918|343|Amazon is a competent and knowledgeable auction host/intermediary.
sent_919|343|Sellers in Amazonӳ auctions are in general reliable.
sent_920|343|Sellers in Amazonӳ auctions are in general honest.
sent_921|343|Sellers in Amazonӳ auctions are in general trustworthy.
sent_922|343|Most Internet retailers and auction sellers are reliable.
sent_923|343|Most Internet retailers and auction sellers keep promises and commitments.
sent_924|343|Most Internet retailers and auction sellers are honest.
sent_925|343|I believe that online shopping is reliable.
sent_926|343|I believe that what I ask for what I get in online shopping.
sent_927|343|I think that the online store I purchased from performs the service right.
sent_928|343|I trust the online store to deliver the product on time.
sent_929|343|I trust that online companies would keep my best  interests in mind when dealing with (the information)
sent_930|343|Online companies are in general predictable and consistent regarding the usage of (the information).
sent_931|343|Online companies are always honest with customers when it comes to using (the information) that I would provide.
sent_932|343|Most people on this team are basically honest and can be trusted.
sent_933|343|Team members in my distributed team are always interested only in their own welfare.
sent_934|343|Members in this team are always trustworthy.
sent_935|343|In this team, one has to be alert or someone is likely to take advantage of you.
sent_936|343|Team members in my distributed team are willing to help if you need it.
sent_937|343|How knowledgeable is the person who wrote this message, on the topic of the message?
sent_938|343|To what extent is the person who wrote this message an expert on the message topic?
sent_939|343|How trustworthy is the person who wrote this message, on the topic of the message?
sent_940|343|How reliable is the person who wrote this message, on the topic of the message?
sent_941|343|Sellers in Amazonӳ/eBayӳ auctions are in general reliable.
sent_942|343|Sellers in Amazonӳ/eBayӳ auctions are in general competent.
sent_943|343|Sellers in Amazonӳ/eBayӳ auctions are in general honest.
sent_944|343|Sellers in Amazonӳ/eBayӳ auctions are in general trustworthy.
sent_945|343|As an auction host/intermediary, Amazon/eBay can be trusted at all times.
sent_946|343|As an auction host/intermediary, Amazon/eBay has high integrity.
sent_947|343|Amazon/eBay is a competent and knowledgeable auction host/intermediary.
sent_948|343|I usually trust sellers unless they give me a reason not to trust them.
sent_949|343|My typical approach is to trust sellers until they prove I should not trust them.
sent_950|343|We will have confidence in one another on this team.
sent_951|343|I will be able to rely on those I work with in this team.
sent_952|343|There will be a noticeable lack of confidence among those I will work with.
sent_953|343|Overall, the people will be very trustworthy.
sent_954|343|We will usually be considerate of one anotherӳ feelings in this team.
sent_955|343|The people in my team will be friendly.
sent_956|343|I feel comfortable depending on my team members for the completion of the project.
sent_957|343|I feel that I will not be able to count on my team members to help me.
sent_958|343|I am comfortable letting other team members take responsibility for tasks which are critical to the project, even when I cannot monitor them.
sent_959|343|I feel that I can trust my team members completely.
sent_960|343|The vendor team is honest and truthful.
sent_961|343|This is a trustworthy vendor.
sent_962|343|The vendor team is interested in the client teamӳ well-being, not just their own.
sent_963|343|The vendor team is very knowledgeable about information systems and technology.
sent_964|343|If the client team required help, the vendor team would do its best to help.
sent_965|343|The vendor team is a capable and proficient provider of IS outsourcing services.
sent_966|343|Internet websites are safe environments in which to exchange information with others.
sent_967|343|Internet websites are reliable environments in which to conduct business transactions.
sent_968|343|Internet websites handle personal information submitted by users in a competent fashion.
sent_969|343|I believe that this vendor would act in my best interest.
sent_970|343|If I required help, the vendor would do its best to help me.
sent_971|343|The vendor is interested in my well-being, not just its own.
sent_972|343|The vendor is truthful in its dealings with me.
sent_973|343|I would characterize the vendor as honest.
sent_974|343|The vendor would keep its commitments.
sent_975|343|The vendor is sincere and genuine.
sent_976|343|The vendor is competent and effective in providing this data exchange.
sent_977|343|The vendor performs its role of providing the data exchange very well.
sent_978|343|In general, the vendor is very knowledgeable about issues of Web-based data exchanges.
sent_979|343|This seller is likely to care for my welfare.
sent_980|343|If there is a problem with my transaction, this seller will go out on a limb for me.
sent_981|343|This seller is likely to make sacrifices for me if needed.
sent_982|343|This seller is likely to keep my best interests in mind.
sent_983|343|I believe this seller will deliver to me a product that matches the posted description.
sent_984|343|I believe this seller will deliver to me a product according to the posted delivery terms and conditions.
sent_985|343|This seller is likely to be reliable.
sent_986|343|This seller is likely to be credible.
sent_987|343|I usually trust sellers unless they give me a reason not to trust them.
sent_988|343|generally give sellers the benefit of the doubt.
sent_989|343|My typical approach is to trust sellers until they prove I should not trust them.
sent_990|343|Firms consider the competence and skills of other member firms before doing business with them.
sent_991|343|Firms consider the character and reliability of other member firms before doing business with them.
sent_992|343|Firms expect other members to fulfill their obligations because they are members of the network.
sent_993|343|Firms consider it important to be regarded by other members as being professionally competent.
sent_994|343|Firms consider it important to be regarded by other members as being reliable and trustworthy.
sent_995|343|Firms consider it important to fulfill their obligations to other members to maintain their reputation within the network.
sent_996|343|Our business partner is competent and effective in their interactions with our organization.
sent_997|343|Our business partner performs all of their roles very well.
sent_998|343|Overall, this business partner is capable and proficient.
sent_999|343|In general, this business partner is knowledgeable about their industry and business operations.
sent_1000|343|Our organization believes this business partner would act in our best interest.
sent_1001|343|If our organization required help, this business partner would do their best to provide assistance.
sent_1002|343|This business partner is interesting in our organizationӳ well being and not just its own.
sent_1003|343|This business partner is truthful in their dealings with our organization.
sent_1004|343|Our organization would characterize this business partner as being honest.
sent_1005|343|This business partner keeps their commitments.
sent_1006|343|This business partner is sincere and genuine.
sent_1007|343|Our business partner is competent and effective in their interactions with our organization.
sent_1008|343|Our business partner performs all of their roles very well.
sent_1009|343|Overall, this business partner is capable and proficient.
sent_1010|343|In general, this business partner is knowledgeable about their industry and business operations.
sent_1011|343|Our organization believes this business partner would act in our best interest.
sent_1012|343|If our organization required help, this business partner would do their best to provide assistance.
sent_1013|343|This business partner is interesting in our organizationӳ well being and not just its own.
sent_1014|343|This business partner is truthful in their dealings with our organization.
sent_1015|343|Our organization would characterize this business partner as being honest.
sent_1016|343|This business partner keeps their commitments.
sent_1017|343|This business partner is sincere and genuine.
sent_1018|343|Members of the team have made considerable emotional investments in our working relationships.
sent_1019|343|Members of the team have a sharing relationship with each other. We can freely share our ideas, feelings, and hopes.
sent_1020|343|On this team we can talk freely with each other about difficulties we are having and know that others will want to listen.
sent_1021|343|Members of the team would feel a sense of loss we could no longer work together.
sent_1022|343|Members of the team know that everyone on the team approaches their work with professionalism and dedication.
sent_1023|343|Given the track records of the team members, we see no reason to doubt each other's competence and preparation for a job.
sent_1024|343|Members of the team believe they will be able to rely on other members of the team not to make a job more difficult by careless work.
sent_1025|343|If I had a challenging legal problem, I would want to use LegalAdvice.com again.
sent_1026|343|I am willing to share confidential information with this worker.
sent_1027|343|I generally give sellers the benefit of the doubt.
sent_1028|000|abcd